codigo_municipio_ibge,municipio,uf,nota_media_enem,numero_participantes
1200013,Acrelândia,AC,474.41,337
1200104,Brasiléia,AC,484.33,483
1200203,Cruzeiro do Sul,AC,497.07,2875
1200302,Feijó,AC,465.7,405
1200328,Jordão,AC,450.0,82
1200351,Marechal Thaumaturgo,AC,463.95,198
1200336,Mâncio Lima,AC,474.2,447
1200385,Plácido de Castro,AC,481.56,226
1200807,Porto Acre,AC,472.67,214
1200393,Porto Walter,AC,458.2,124
1200401,Rio Branco,AC,515.08,11616
1200435,Santa Rosa do Purus,AC,451.81,35
1200500,Sena Madureira,AC,489.22,707
1200450,Senador Guiomard,AC,485.89,538
1200609,Tarauacá,AC,473.55,617
1200708,Xapuri,AC,495.87,171
2700300,Arapiraca,AL,521.35,9554
2700409,Atalaia,AL,464.05,788
2700706,Batalha,AL,463.44,1041
2701001,Boca da Mata,AL,480.23,1030
2701407,Campo Alegre,AL,495.6,796
2702306,Coruripe,AL,488.02,1220
2702405,Delmiro Gouveia,AL,484.45,1692
2702900,Girau do Ponciano,AL,485.27,1496
2703106,Igaci,AL,480.69,804
2704302,Maceió,AL,529.27,26200
2704708,Marechal Deodoro,AL,504.61,1218
2705002,Mata Grande,AL,448.57,996
2705705,Olho d'Água das Flores,AL,472.79,1066
2706307,Palmeira dos Índios,AL,488.03,2823
2706703,Penedo,AL,483.54,1942
2706901,Pilar,AL,486.77,1108
2707305,Porto Calvo,AL,458.88,1431
2707701,Rio Largo,AL,492.34,2457
2708006,Santana do Ipanema,AL,473.68,2022
2708402,São José da Tapera,AL,465.61,1220
2708501,São Luís do Quitunde,AL,469.16,1415
2708600,São Miguel dos Campos,AL,504.09,1377
2709152,Teotônio Vilela,AL,507.48,1430
2709202,Traipu,AL,458.3,531
2709301,União dos Palmares,AL,468.18,3155
2709400,Viçosa,AL,479.06,1593
2700102,Água Branca,AL,467.71,802
1300029,Alvarães,AM,436.59,143
1300060,Amaturá,AM,406.91,179
1300086,Anamã,AM,445.49,163
1300102,Anori,AM,458.1,148
1300144,Apuí,AM,461.19,177
1300300,Autazes,AM,444.28,361
1300409,Barcelos,AM,474.46,153
1300508,Barreirinha,AM,443.01,540
1300607,Benjamin Constant,AM,420.67,980
1300631,Beruri,AM,418.09,147
1300680,Boa Vista do Ramos,AM,442.96,301
1300706,Boca do Acre,AM,482.89,440
1300805,Borba,AM,435.37,272
1300839,Caapiranga,AM,410.69,171
1300904,Canutama,AM,440.85,81
1301001,Carauari,AM,460.81,255
1301100,Careiro,AM,455.4,290
1301159,Careiro da Várzea,AM,464.65,213
1301209,Coari,AM,458.69,1186
1301308,Codajás,AM,462.25,316
1301407,Eirunepé,AM,466.8,312
1301506,Envira,AM,445.93,177
1301605,Fonte Boa,AM,440.88,288
1301704,Humaitá,AM,465.16,985
1301803,Ipixuna,AM,445.85,123
1301852,Iranduba,AM,447.59,702
1301902,Itacoatiara,AM,469.86,1919
1301951,Itamarati,AM,419.01,131
1302009,Itapiranga,AM,449.89,143
1302108,Japurá,AM,393.65,102
1302207,Juruá,AM,430.75,150
1302306,Jutaí,AM,419.29,192
1302405,Lábrea,AM,445.61,435
1302504,Manacapuru,AM,461.26,1774
1302553,Manaquiri,AM,438.09,165
1302603,Manaus,AM,503.24,41021
1302702,Manicoré,AM,448.85,397
1302801,Maraã,AM,409.1,129
1302900,Maués,AM,451.61,704
1303007,Nhamundá,AM,455.83,748
1303106,Nova Olinda do Norte,AM,450.47,429
1303205,Novo Airão,AM,460.86,139
1303304,Novo Aripuanã,AM,421.32,300
1303403,Parintins,AM,466.59,2748
1303502,Pauini,AM,435.68,138
1303536,Presidente Figueiredo,AM,479.77,426
1303569,Rio Preto da Eva,AM,459.49,391
1303601,Santa Isabel do Rio Negro,AM,423.29,127
1303700,Santo Antônio do Içá,AM,425.61,256
1304005,Silves,AM,421.11,204
1303809,São Gabriel da Cachoeira,AM,471.31,612
1303908,São Paulo de Olivença,AM,441.59,380
1303957,São Sebastião do Uatumã,AM,432.92,136
1304062,Tabatinga,AM,438.57,990
1304104,Tapauá,AM,475.58,154
1304203,Tefé,AM,462.01,959
1304237,Tonantins,AM,390.97,290
1304260,Uarini,AM,406.84,125
1304302,Urucará,AM,452.03,242
1304401,Urucurituba,AM,437.61,255
1600105,Amapá,AP,451.69,166
1600204,Calçoene,AP,450.18,151
1600279,Laranjal do Jari,AP,478.05,1011
1600303,Macapá,AP,504.83,15644
1600402,Mazagão,AP,461.46,422
1600501,Oiapoque,AP,455.71,644
1600154,Pedra Branca do Amapari,AP,466.87,258
1600535,Porto Grande,AP,476.57,492
1600600,Santana,AP,498.29,3745
1600709,Tartarugalzinho,AP,453.45,214
1600808,Vitória do Jari,AP,452.28,295
2900702,Alagoinhas,BA,507.78,4011
2901007,Amargosa,BA,501.68,1456
2901106,Amélia Rodrigues,BA,484.09,531
2901205,Anagé,BA,487.14,679
2901304,Andaraí,BA,474.43,358
2901353,Andorinha,BA,493.33,385
2902104,Araci,BA,473.07,896
2902609,Baixa Grande,BA,478.19,991
2902708,Barra,BA,460.71,985
2902807,Barra da Estiva,BA,505.82,997
2902906,Barra do Choça,BA,482.62,725
2903201,Barreiras,BA,516.39,6134
2903409,Belmonte,BA,458.29,141
2903904,Bom Jesus da Lapa,BA,492.98,1754
2904100,Boquira,BA,479.98,417
2904308,Brejões,BA,467.31,350
2904506,Brotas de Macaúbas,BA,499.2,401
2904605,Brumado,BA,530.44,1826
2904704,Buerarema,BA,487.92,344
2904753,Buritirama,BA,440.01,415
2904902,Cachoeira,BA,472.06,1248
2905008,Caculé,BA,514.32,1718
2905206,Caetité,BA,524.2,2135
2905404,Cairu,BA,461.91,171
2905602,Camacan,BA,475.82,1193
2905800,Camamu,BA,466.66,816
2905701,Camaçari,BA,505.96,5871
2905909,Campo Alegre de Lourdes,BA,466.24,420
2906006,Campo Formoso,BA,496.84,1563
2906204,Canarana,BA,476.62,755
2906303,Canavieiras,BA,509.52,423
2906501,Candeias,BA,497.55,1830
2906808,Cansanção,BA,460.53,688
2906873,Capim Grosso,BA,494.95,1206
2906907,Caravelas,BA,482.45,266
2907103,Carinhanha,BA,459.87,951
2907202,Casa Nova,BA,485.1,857
2907301,Castro Alves,BA,480.62,759
2907509,Catu,BA,517.86,1074
2908002,Coaraci,BA,491.87,746
2908101,Cocos,BA,477.66,935
2908200,Conceição da Feira,BA,473.87,483
2908408,Conceição do Coité,BA,505.52,1809
2908507,Conceição do Jacuípe,BA,497.29,945
2908903,Coração de Maria,BA,476.97,676
2909000,Cordeiros,BA,506.25,630
2909307,Correntina,BA,488.9,714
2909802,Cruz das Almas,BA,503.07,2264
2909901,Curaçá,BA,482.85,635
2906709,Cândido Sales,BA,482.93,1080
2907806,Cícero Dantas,BA,487.88,1257
2910057,Dias d'Ávila,BA,502.98,1240
2910503,Entre Rios,BA,474.55,915
2910602,Esplanada,BA,479.07,1291
2910701,Euclides da Cunha,BA,480.91,1815
2910727,Eunápolis,BA,523.51,2428
2910800,Feira de Santana,BA,523.06,17047
2911105,Formosa do Rio Preto,BA,467.56,528
2911204,Gandu,BA,488.11,1684
2911600,Governador Mangabeira,BA,483.25,797
2911709,Guanambi,BA,523.18,3806
2912103,Ibicaraí,BA,488.1,1091
2913101,Ibititá,BA,485.01,899
2913200,Ibotirama,BA,470.71,969
2913606,Ilhéus,BA,519.69,4614
2913705,Inhambupe,BA,479.72,1306
2913903,Ipiaú,BA,497.95,2362
2914000,Ipirá,BA,496.56,1734
2914406,Iraquara,BA,499.15,815
2914505,Irará,BA,486.21,1522
2914604,Irecê,BA,534.38,2660
2914653,Itabela,BA,489.03,477
2914703,Itaberaba,BA,487.66,2594
2914802,Itabuna,BA,525.06,5356
2914901,Itacaré,BA,477.17,510
2915502,Itajuípe,BA,490.12,631
2915601,Itamaraju,BA,494.31,1051
2915809,Itambé,BA,483.84,398
2916005,Itanhém,BA,501.77,293
2916104,Itaparica,BA,491.9,349
2916401,Itapetinga,BA,498.62,2144
2917003,Itiúba,BA,463.98,610
2917102,Itororó,BA,494.42,584
2917300,Ituberá,BA,486.24,675
2917508,Jacobina,BA,505.47,2689
2917607,Jaguaquara,BA,494.99,1951
2917706,Jaguarari,BA,500.99,760
2918001,Jequié,BA,521.53,4408
2918100,Jeremoabo,BA,479.18,1334
2918209,Jiquiriçá,BA,493.08,353
2918357,João Dourado,BA,483.39,826
2918407,Juazeiro,BA,514.08,5106
2918506,Jussara,BA,483.46,264
2919157,Lapão,BA,494.13,510
2919207,Lauro de Freitas,BA,536.48,6805
2919504,Livramento de Nossa Senhora,BA,518.21,999
2919553,Luís Eduardo Magalhães,BA,523.09,2032
2919801,Macaúbas,BA,508.46,1131
2920502,Maracás,BA,491.76,964
2920601,Maragogipe,BA,465.38,510
2921005,Mata de São João,BA,486.92,596
2921104,Medeiros Neto,BA,489.96,542
2921203,Miguel Calmon,BA,504.78,480
2921302,Milagres,BA,479.9,576
2921500,Monte Santo,BA,474.34,941
2921708,Morro do Chapéu,BA,480.57,1479
2922003,Mucuri,BA,517.42,588
2922300,Muritiba,BA,491.59,461
2922409,Mutuípe,BA,486.31,763
2922508,Nazaré,BA,470.99,1464
2922904,Nova Soure,BA,485.28,756
2923001,Nova Viçosa,BA,490.95,581
2923209,Oliveira dos Brejinhos,BA,469.24,347
2923407,Palmas de Monte Alto,BA,496.42,504
2923605,Paramirim,BA,506.06,1350
2923704,Paratinga,BA,471.02,720
2923803,Paripiranga,BA,500.17,1466
2924009,Paulo Afonso,BA,512.57,3415
2924306,Piatã,BA,504.82,575
2924405,Pilão Arcado,BA,473.14,404
2924603,Pindobaçu,BA,472.45,592
2924801,Piritiba,BA,478.46,746
2925204,Pojuca,BA,517.99,790
2925303,Porto Seguro,BA,511.82,3031
2925105,Poções,BA,492.4,2478
2925501,Prado,BA,503.33,573
2925600,Presidente Dutra,BA,497.77,354
2925758,Presidente Tancredo Neves,BA,486.74,479
2926004,Remanso,BA,476.98,1016
2926400,Riacho de Santana,BA,504.2,1102
2926202,Riachão das Neves,BA,477.47,321
2926301,Riachão do Jacuípe,BA,499.92,1698
2926608,Ribeira do Pombal,BA,497.32,1853
2927002,Rio Real,BA,496.94,769
2926707,Rio de Contas,BA,488.3,499
2927200,Ruy Barbosa,BA,484.76,1323
2927408,Salvador,BA,527.19,59868
2927507,Santa Bárbara,BA,469.89,563
2928109,Santa Maria da Vitória,BA,490.41,1253
2928406,Santa Rita de Cássia,BA,463.0,860
2928000,Santaluz,BA,482.7,917
2928208,Santana,BA,466.88,752
2928604,Santo Amaro,BA,480.06,1487
2928703,Santo Antônio de Jesus,BA,518.83,3389
2928802,Santo Estêvão,BA,473.97,2189
2929602,Sapeaçu,BA,478.46,678
2929909,Seabra,BA,509.26,2145
2930105,Senhor do Bonfim,BA,496.28,2756
2930204,Sento Sé,BA,462.43,382
2930303,Serra Dourada,BA,461.08,802
2930154,Serra do Ramalho,BA,471.32,511
2930501,Serrinha,BA,493.92,3080
2930709,Simões Filho,BA,496.99,2464
2930774,Sobradinho,BA,494.99,477
2929701,Sátiro Dias,BA,480.65,254
2929107,São Felipe,BA,474.79,522
2929206,São Francisco do Conde,BA,468.69,639
2929255,São Gabriel,BA,498.65,403
2929305,São Gonçalo dos Campos,BA,479.97,773
2929503,São Sebastião do Passé,BA,491.81,670
2931004,Tanhaçu,BA,489.24,418
2931350,Teixeira de Freitas,BA,525.77,3414
2931905,Tucano,BA,489.16,1145
2932002,Uauá,BA,493.62,564
2932200,Ubaitaba,BA,482.28,926
2932101,Ubaíra,BA,480.81,418
2932408,Uibaí,BA,505.82,292
2932457,Umburanas,BA,471.72,398
2932507,Una,BA,494.21,340
2932606,Urandi,BA,515.47,388
2933000,Valente,BA,507.34,838
2932903,Valença,BA,512.4,1965
2933208,Vera Cruz,BA,476.34,848
2933307,Vitória da Conquista,BA,539.28,11350
2933604,Xique-Xique,BA,475.54,1332
2300150,Acarape,CE,499.76,421
2300200,Acaraú,CE,518.59,1269
2300309,Acopiara,CE,484.37,1314
2300705,Alto Santo,CE,488.49,485
2300754,Amontada,CE,474.04,1159
2301000,Aquiraz,CE,509.57,1540
2301109,Aracati,CE,500.92,2025
2301208,Aracoiaba,CE,489.71,1039
2301307,Araripe,CE,485.23,977
2301406,Aratuba,CE,478.79,427
2301604,Assaré,CE,482.44,1050
2301703,Aurora,CE,516.56,626
2301851,Banabuiú,CE,490.81,366
2301901,Barbalha,CE,522.83,2105
2301950,Barreira,CE,488.83,561
2302008,Barro,CE,521.3,576
2302057,Barroquinha,CE,492.76,451
2302107,Baturité,CE,478.32,1495
2302206,Beberibe,CE,508.25,1120
2302305,Bela Cruz,CE,513.38,618
2302404,Boa Viagem,CE,473.0,1093
2302503,Brejo Santo,CE,510.6,2045
2302602,Camocim,CE,504.66,1757
2302701,Campos Sales,CE,488.35,1151
2302800,Canindé,CE,511.6,2150
2303006,Caridade,CE,474.58,745
2303204,Caririaçu,CE,515.96,762
2303105,Cariré,CE,521.66,721
2303501,Cascavel,CE,505.17,1447
2303709,Caucaia,CE,512.23,6572
2303808,Cedro,CE,500.16,646
2303907,Chaval,CE,508.84,315
2304004,Coreaú,CE,497.07,772
2304103,Crateús,CE,518.28,2206
2304202,Crato,CE,535.27,3796
2304251,Cruz,CE,536.97,462
2304285,Eusébio,CE,542.12,1952
2304301,Farias Brito,CE,503.27,528
2304350,Forquilha,CE,496.14,762
2304400,Fortaleza,CE,547.14,62174
2304707,Granja,CE,477.52,1401
2305001,Guaraciaba do Norte,CE,509.51,1438
2305209,Hidrolândia,CE,523.09,455
2305233,Horizonte,CE,501.14,1873
2305308,Ibiapina,CE,507.4,709
2305357,Icapuí,CE,502.6,524
2305407,Icó,CE,487.11,1706
2305506,Iguatu,CE,512.89,3184
2305605,Independência,CE,487.39,625
2305803,Ipu,CE,500.14,1434
2305902,Ipueiras,CE,494.84,977
2306009,Iracema,CE,490.31,480
2306108,Irauçuba,CE,500.83,510
2306256,Itaitinga,CE,492.13,1063
2306306,Itapajé,CE,519.04,1396
2306405,Itapipoca,CE,497.2,3894
2306553,Itarema,CE,499.84,840
2306603,Itatira,CE,480.8,754
2306702,Jaguaretama,CE,489.48,313
2306900,Jaguaribe,CE,495.31,1194
2307007,Jaguaruana,CE,509.33,1026
2307106,Jardim,CE,495.97,1325
2307254,Jijoca de Jericoacoara,CE,518.16,911
2307304,Juazeiro do Norte,CE,538.67,8145
2307403,Jucás,CE,487.6,1025
2307502,Lavras da Mangabeira,CE,499.25,792
2307601,Limoeiro do Norte,CE,533.89,2033
2307635,Madalena,CE,481.68,428
2307650,Maracanaú,CE,515.86,4839
2307700,Maranguape,CE,507.12,2042
2307809,Marco,CE,483.97,1620
2308005,Massapê,CE,497.65,793
2308104,Mauriti,CE,508.75,1285
2308302,Milagres,CE,511.19,905
2308401,Missão Velha,CE,502.99,844
2308500,Mombaça,CE,489.65,938
2308609,Monsenhor Tabosa,CE,490.33,552
2308708,Morada Nova,CE,515.66,1222
2309003,Mucambo,CE,518.56,1056
2309102,Mulungu,CE,505.58,291
2309201,Nova Olinda,CE,482.87,655
2309300,Nova Russas,CE,492.75,1495
2309409,Novo Oriente,CE,492.35,865
2309458,Ocara,CE,468.25,821
2309508,Orós,CE,489.22,443
2309607,Pacajus,CE,504.22,1882
2309706,Pacatuba,CE,490.93,1495
2309805,Pacoti,CE,472.89,947
2310209,Paracuru,CE,498.42,1035
2310258,Paraipaba,CE,509.8,893
2310308,Parambu,CE,472.76,595
2310506,Pedra Branca,CE,481.65,891
2310704,Pentecoste,CE,506.11,1216
2310852,Pindoretama,CE,485.97,643
2311108,Porteiras,CE,498.2,547
2311264,Quiterianópolis,CE,470.12,505
2311306,Quixadá,CE,491.0,2598
2311405,Quixeramobim,CE,501.61,1670
2311603,Redenção,CE,486.91,1031
2311801,Russas,CE,524.3,1389
2312205,Santa Quitéria,CE,491.39,1124
2312007,Santana do Acaraú,CE,508.95,813
2312106,Santana do Cariri,CE,482.15,329
2312700,Senador Pompeu,CE,507.79,653
2312908,Sobral,CE,538.08,5754
2313005,Solonópole,CE,492.0,550
2312304,São Benedito,CE,510.95,1976
2312403,São Gonçalo do Amarante,CE,496.5,1598
2313104,Tabuleiro do Norte,CE,512.19,794
2313203,Tamboril,CE,476.75,717
2313302,Tauá,CE,502.29,1417
2313351,Tejuçuoca,CE,490.65,701
2313401,Tianguá,CE,514.84,2269
2313500,Trairi,CE,497.92,1522
2313609,Ubajara,CE,513.38,1048
2313807,Uruburetama,CE,490.27,1251
2313906,Uruoca,CE,483.23,558
2313955,Varjota,CE,508.05,789
2314102,Viçosa do Ceará,CE,496.01,1928
2314003,Várzea Alegre,CE,500.43,1252
5300108,Brasília,DF,552.12,60998
3200102,Afonso Cláudio,ES,534.13,484
3200201,Alegre,ES,539.99,881
3200409,Anchieta,ES,539.25,1044
3200607,Aracruz,ES,547.33,1481
3200805,Baixo Guandu,ES,519.78,379
3200904,Barra de São Francisco,ES,514.16,812
3201159,Brejetuba,ES,526.41,136
3201209,Cachoeiro de Itapemirim,ES,546.07,3390
3201308,Cariacica,ES,525.15,5563
3201407,Castelo,ES,551.1,490
3201506,Colatina,ES,548.54,2289
3201605,Conceição da Barra,ES,509.01,373
3201902,Domingos Martins,ES,559.15,696
3202108,Ecoporanga,ES,505.62,316
3202405,Guarapari,ES,537.25,2059
3202306,Guaçuí,ES,526.41,592
3202801,Itapemirim,ES,526.57,522
3203007,Iúna,ES,530.47,985
3203056,Jaguaré,ES,520.63,338
3203130,João Neiva,ES,555.31,313
3203205,Linhares,ES,541.91,2679
3203320,Marataízes,ES,533.79,833
3203403,Mimoso do Sul,ES,534.63,385
3203502,Montanha,ES,517.29,443
3203908,Nova Venécia,ES,539.38,1036
3204054,Pedro Canário,ES,509.96,329
3204104,Pinheiros,ES,513.51,383
3204559,Santa Maria de Jetibá,ES,537.49,535
3204609,Santa Teresa,ES,547.71,691
3205002,Serra,ES,531.79,8626
3205010,Sooretama,ES,516.22,262
3204708,São Gabriel da Palha,ES,533.32,620
3204906,São Mateus,ES,535.1,2128
3205069,Venda Nova do Imigrante,ES,557.13,758
3205101,Viana,ES,511.34,933
3205200,Vila Velha,ES,556.5,8841
3205309,Vitória,ES,574.19,8402
3200169,Água Doce do Norte,ES,497.72,159
5200134,Acreúna,GO,501.3,536
5200308,Alexânia,GO,522.23,402
5200803,Alvorada do Norte,GO,493.71,293
5201108,Anápolis,GO,555.31,7693
5201405,Aparecida de Goiânia,GO,530.14,8578
5201702,Aragarças,GO,498.53,294
5203203,Barro Alto,GO,493.46,124
5203500,Bom Jesus de Goiás,GO,519.46,240
5204508,Caldas Novas,GO,528.42,1737
5204904,Campos Belos,GO,486.81,816
5205109,Catalão,GO,540.44,3123
5205307,Cavalcante,GO,434.96,334
5205406,Ceres,GO,534.07,1368
5205471,Chapadão do Céu,GO,499.91,261
5205497,Cidade Ocidental,GO,503.78,1235
5206206,Cristalina,GO,512.55,782
5207907,Flores de Goiás,GO,443.41,143
5208004,Formosa,GO,511.74,2477
5208806,Goianira,GO,508.2,1377
5208608,Goianésia,GO,535.25,1474
5209101,Goiatuba,GO,527.17,475
5208905,Goiás,GO,528.5,677
5208707,Goiânia,GO,567.71,33220
5210000,Inhumas,GO,537.33,1232
5210109,Ipameri,GO,540.11,379
5210208,Iporá,GO,524.88,1123
5210406,Itaberaí,GO,531.54,856
5210901,Itapaci,GO,504.38,887
5211206,Itapuranga,GO,528.41,687
5211503,Itumbiara,GO,537.54,2003
5211800,Jaraguá,GO,506.05,1017
5211909,Jataí,GO,537.96,2734
5212204,Jussara,GO,502.02,723
5212501,Luziânia,GO,510.15,2638
5212709,Mambaí,GO,480.93,248
5213087,Minaçu,GO,507.91,488
5213103,Mineiros,GO,528.88,1305
5213806,Morrinhos,GO,532.07,1016
5214002,Mozarlândia,GO,479.56,431
5214507,Nerópolis,GO,516.02,871
5214606,Niquelândia,GO,507.98,548
5215231,Novo Gama,GO,500.21,1124
5215603,Padre Bernardo,GO,483.67,388
5217104,Piracanjuba,GO,523.3,846
5217302,Pirenópolis,GO,511.94,617
5217401,Pires do Rio,GO,535.14,919
5217609,Planaltina,GO,497.06,1497
5218003,Porangatu,GO,504.08,1188
5218300,Posse,GO,485.7,1281
5218508,Quirinópolis,GO,515.48,1041
5218805,Rio Verde,GO,529.66,3766
5218904,Rubiataba,GO,522.64,490
5219308,Santa Helena de Goiás,GO,517.98,597
5219753,Santo Antônio do Descoberto,GO,500.87,863
5220454,Senador Canedo,GO,518.92,2288
5220603,Silvânia,GO,520.84,990
5220108,São Luís de Montes Belos,GO,502.24,1511
5220207,São Miguel do Araguaia,GO,502.51,585
5221403,Trindade,GO,517.49,3686
5221601,Uruaçu,GO,517.48,1495
5221858,Valparaíso de Goiás,GO,515.18,3435
5200258,Águas Lindas de Goiás,GO,494.8,3692
2100204,Alcântara,MA,462.1,357
2100501,Alto Parnaíba,MA,452.91,215
2100600,Amarante do Maranhão,MA,469.22,855
2100709,Anajatuba,MA,463.49,425
2100907,Araioses,MA,474.31,499
2100956,Arame,MA,460.08,530
2101004,Arari,MA,478.75,1323
2100055,Açailândia,MA,503.4,2356
2101202,Bacabal,MA,484.74,3669
2101301,Bacuri,MA,458.48,514
2101400,Balsas,MA,495.27,3266
2101608,Barra do Corda,MA,496.65,1694
2101707,Barreirinhas,MA,465.78,1041
2101509,Barão de Grajaú,MA,482.6,498
2101905,Bequimão,MA,458.32,365
2102002,Bom Jardim,MA,470.51,745
2102101,Brejo,MA,467.77,908
2102309,Buriti Bravo,MA,466.01,708
2102325,Buriticupu,MA,459.6,1355
2102804,Carolina,MA,493.95,473
2102903,Carutapera,MA,461.72,1104
2103000,Caxias,MA,492.1,5100
2103208,Chapadinha,MA,478.64,2373
2103307,Codó,MA,478.19,2798
2103406,Coelho Neto,MA,469.36,1661
2103505,Colinas,MA,468.75,1270
2103604,Coroatá,MA,483.18,1371
2103703,Cururupu,MA,467.71,575
2103802,Dom Pedro,MA,498.46,1406
2104008,Esperantinópolis,MA,472.93,818
2104057,Estreito,MA,480.43,784
2104081,Fernando Falcão,MA,454.18,34
2104099,Formosa da Serra Negra,MA,463.51,810
2104677,Governador Nunes Freire,MA,463.25,439
2104800,Grajaú,MA,466.51,1587
2105005,Humberto de Campos,MA,459.49,513
2105104,Icatu,MA,449.24,1093
2105302,Imperatriz,MA,522.69,9537
2105401,Itapecuru Mirim,MA,465.88,1597
2105427,Itinga do Maranhão,MA,471.47,376
2105500,João Lisboa,MA,493.61,991
2105708,Lago da Pedra,MA,476.48,1585
2106326,Maracaçumé,MA,455.62,783
2106508,Matinha,MA,454.15,759
2106805,Mirinzal,MA,451.85,907
2107001,Montes Altos,MA,471.25,576
2107803,Parnarama,MA,453.87,1205
2107506,Paço do Lumiar,MA,495.57,3858
2108207,Pedreiras,MA,492.79,1905
2108306,Penalva,MA,453.01,597
2108504,Pindaré-Mirim,MA,488.39,618
2108603,Pinheiro,MA,489.48,3118
2108702,Pio XII,MA,463.89,713
2109007,Porto Franco,MA,481.09,1110
2109106,Presidente Dutra,MA,484.09,2008
2109452,Raposa,MA,475.74,835
2109601,Rosário,MA,471.76,1418
2109809,Santa Helena,MA,486.53,743
2109908,Santa Inês,MA,494.8,3103
2110005,Santa Luzia,MA,479.12,1303
2110039,Santa Luzia do Paruá,MA,473.65,859
2110203,Santa Rita,MA,467.32,784
2110500,São Bento,MA,455.91,1298
2110609,São Bernardo,MA,454.67,2010
2110708,São Domingos do Maranhão,MA,483.73,1258
2111201,São José de Ribamar,MA,485.83,2648
2111102,São João dos Patos,MA,471.37,1927
2111300,São Luís,MA,519.82,40933
2111508,São Mateus do Maranhão,MA,472.29,1142
2111607,São Raimundo das Mangabeiras,MA,472.16,872
2111706,São Vicente Ferrer,MA,437.71,1050
2112100,Timbiras,MA,454.9,727
2112209,Timon,MA,508.41,4013
2112308,Tuntum,MA,491.52,471
2112407,Turiaçu,MA,442.96,591
2112506,Tutóia,MA,478.78,1276
2112605,Urbano Santos,MA,451.38,1266
2112704,Vargem Grande,MA,457.47,1317
2112803,Viana,MA,462.28,1077
2113009,Vitorino Freire,MA,479.64,1269
2114007,Zé Doca,MA,475.85,1239
3100203,Abaeté,MG,538.87,590
3101102,Aimorés,MG,518.57,691
3101607,Alfenas,MG,554.25,2170
3101706,Almenara,MG,498.56,1253
3101904,Alpinópolis,MG,547.12,680
3102308,Alvinópolis,MG,525.08,318
3101508,Além Paraíba,MG,532.6,798
3102605,Andradas,MG,551.94,549
3102803,Andrelândia,MG,519.16,688
3103504,Araguari,MG,553.94,1877
3104007,Araxá,MG,558.79,1731
3103405,Araçuaí,MG,503.21,1597
3104205,Arcos,MG,555.71,631
3104304,Areado,MG,533.69,591
3104502,Arinos,MG,485.07,731
3104908,Baependi,MG,553.08,375
3105103,Bambuí,MG,556.15,517
3105608,Barbacena,MG,552.06,3800
3105400,Barão de Cocais,MG,544.64,559
3106200,Belo Horizonte,MG,576.91,51559
3106309,Belo Oriente,MG,508.46,417
3106705,Betim,MG,543.83,6090
3107109,Boa Esperança,MG,535.7,1175
3107307,Bocaiúva,MG,523.48,1402
3107406,Bom Despacho,MG,556.51,721
3108008,Bom Sucesso,MG,531.01,496
3108255,Bonito de Minas,MG,448.23,245
3108552,Brasilândia de Minas,MG,497.35,474
3108602,Brasília de Minas,MG,497.47,1124
3109006,Brumadinho,MG,545.93,877
3109303,Buritis,MG,488.02,531
3110004,Caeté,MG,551.45,692
3110608,Cambuí,MG,544.14,743
3111200,Campo Belo,MG,553.75,1285
3111507,Campos Altos,MG,520.88,188
3111606,Campos Gerais,MG,531.54,590
3112307,Capelinha,MG,530.67,1047
3113305,Carangola,MG,530.29,1370
3113404,Caratinga,MG,545.07,2486
3113701,Carlos Chagas,MG,500.92,255
3114303,Carmo do Paranaíba,MG,537.25,525
3113800,Carmésia,MG,497.34,128
3115300,Cataguases,MG,560.88,1106
3115508,Caxambu,MG,537.23,948
3116605,Cláudio,MG,551.27,684
3117504,Conceição do Mato Dentro,MG,521.41,442
3118007,Congonhas,MG,553.2,1025
3118304,Conselheiro Lafaiete,MG,560.52,2551
3118403,Conselheiro Pena,MG,515.73,462
3118601,Contagem,MG,556.01,10482
3118809,Coração de Jesus,MG,492.82,578
3119104,Corinto,MG,504.72,511
3119302,Coromandel,MG,524.52,536
3119401,Coronel Fabriciano,MG,560.64,1417
3120904,Curvelo,MG,531.9,1848
3121605,Diamantina,MG,534.52,2280
3122306,Divinópolis,MG,573.82,5001
3123700,Engenheiro Caldas,MG,519.11,379
3123908,Entre Rios de Minas,MG,546.94,663
3124005,Ervália,MG,543.99,381
3124104,Esmeraldas,MG,527.85,578
3124302,Espinosa,MG,510.13,575
3125101,Extrema,MG,543.66,641
3126109,Formiga,MG,580.41,982
3126703,Francisco Sá,MG,498.93,587
3127107,Frutal,MG,519.36,1070
3127701,Governador Valadares,MG,542.0,5758
3128006,Guanhães,MG,523.04,901
3128709,Guaxupé,MG,562.59,1000
3129806,Ibirité,MG,534.01,2420
3130101,Igarapé,MG,532.18,671
3130606,Inconfidentes,MG,553.22,501
3130903,Inhapim,MG,526.07,681
3131307,Ipatinga,MG,566.01,5360
3131703,Itabira,MG,547.96,2473
3131901,Itabirito,MG,557.57,966
3132107,Itacarambi,MG,468.57,531
3132404,Itajubá,MG,564.16,3530
3132503,Itamarandiba,MG,524.15,883
3133303,Itaobim,MG,490.13,804
3133808,Itaúna,MG,583.85,1225
3134202,Ituiutaba,MG,521.8,2353
3134400,Iturama,MG,506.76,963
3134707,Jacinto,MG,479.1,386
3135100,Janaúba,MG,521.57,1853
3135209,Januária,MG,493.65,1813
3135050,Jaíba,MG,494.16,536
3135803,Jequitinhonha,MG,484.43,495
3136207,João Monlevade,MG,555.36,1896
3136306,João Pinheiro,MG,531.8,686
3136652,Juatuba,MG,537.57,447
3136702,Juiz de Fora,MG,568.93,10466
3137007,Ladainha,MG,501.06,139
3137601,Lagoa Santa,MG,559.63,1621
3137205,Lagoa da Prata,MG,564.19,1061
3137809,Lambari,MG,549.18,420
3138203,Lavras,MG,561.25,3332
3138401,Leopoldina,MG,543.28,901
3138609,Lima Duarte,MG,526.7,365
3138658,Lontra,MG,486.81,836
3138807,Luz,MG,528.98,412
3138906,Machacalis,MG,466.52,342
3139003,Machado,MG,567.91,772
3139201,Malacacheta,MG,496.53,342
3139300,Manga,MG,470.85,681
3139409,Manhuaçu,MG,536.48,2878
3139508,Manhumirim,MG,547.49,488
3139607,Mantena,MG,515.18,535
3140001,Mariana,MG,542.31,1429
3140704,Mateus Leme,MG,549.22,414
3141108,Matozinhos,MG,534.1,607
3141801,Minas Novas,MG,491.37,738
3142908,Monte Azul,MG,501.4,897
3143104,Monte Carmelo,MG,530.22,1031
3143401,Monte Sião,MG,564.94,400
3143302,Montes Claros,MG,549.65,11838
3143906,Muriaé,MG,549.81,2495
3144003,Mutum,MG,527.92,318
3144102,Muzambinho,MG,548.17,949
3144300,Nanuque,MG,506.2,672
3144607,Nepomuceno,MG,548.15,351
3144706,Nova Era,MG,525.96,572
3144805,Nova Lima,MG,562.77,1774
3145208,Nova Serrana,MG,539.83,1060
3145307,Novo Cruzeiro,MG,481.85,977
3145604,Oliveira,MG,563.89,1130
3145901,Ouro Branco,MG,570.19,887
3146008,Ouro Fino,MG,558.11,476
3146107,Ouro Preto,MG,543.76,1640
3146305,Padre Paraíso,MG,482.71,617
3147006,Paracatu,MG,539.13,1378
3147402,Paraopeba,MG,533.77,557
3147105,Pará de Minas,MG,564.77,1759
3147907,Passos,MG,554.02,2582
3148004,Patos de Minas,MG,565.99,3245
3148103,Patrocínio,MG,546.28,1490
3148707,Pedra Azul,MG,486.46,525
3149309,Pedro Leopoldo,MG,563.32,921
3150802,Piranga,MG,531.36,476
3151206,Pirapora,MG,509.76,1517
3151404,Pitangui,MG,535.97,462
3151503,Piumhi,MG,532.52,958
3152006,Pompéu,MG,543.58,425
3152105,Ponte Nova,MG,536.64,2248
3152204,Porteirinha,MG,518.81,1042
3152501,Pouso Alegre,MG,567.19,3057
3151800,Poços de Caldas,MG,572.01,2719
3154606,Ribeirão das Neves,MG,525.08,3375
3155603,Rio Pardo de Minas,MG,506.9,628
3156700,Sabará,MG,536.76,1296
3157005,Salinas,MG,501.16,1340
3157203,Santa Bárbara,MG,544.43,613
3157807,Santa Luzia,MG,538.97,3200
3158201,Santa Maria do Suaçuí,MG,507.25,503
3159605,Santa Rita do Sapucaí,MG,571.32,730
3160702,Santos Dumont,MG,536.84,717
3167103,Serro,MG,500.87,515
3167202,Sete Lagoas,MG,560.44,4100
3161106,São Francisco,MG,478.25,1416
3162005,São Gonçalo do Sapucaí,MG,549.42,352
3162104,São Gotardo,MG,537.64,952
3162922,São Joaquim de Bicas,MG,530.68,339
3162955,São José da Lapa,MG,533.25,431
3162807,São João Evangelista,MG,534.35,861
3162906,São João Nepomuceno,MG,544.33,787
3162500,São João del Rei,MG,560.69,3775
3162708,São João do Paraíso,MG,516.2,589
3163706,São Lourenço,MG,551.99,1922
3163805,São Miguel do Anta,MG,522.57,371
3164209,São Romão,MG,459.26,244
3164704,São Sebastião do Paraíso,MG,552.22,1384
3168002,Taiobeiras,MG,521.57,934
3168606,Teófilo Otoni,MG,528.39,3566
3168705,Timóteo,MG,574.59,1463
3169307,Três Corações,MG,552.0,1411
3169356,Três Marias,MG,530.64,394
3169406,Três Pontas,MG,551.1,831
3169604,Tupaciguara,MG,526.79,332
3169703,Turmalina,MG,517.51,704
3170107,Uberaba,MG,560.15,6188
3170206,Uberlândia,MG,562.65,14315
3169901,Ubá,MG,560.56,2420
3170404,Unaí,MG,522.92,1596
3170701,Varginha,MG,564.37,2472
3170909,Varzelândia,MG,475.98,387
3171006,Vazante,MG,534.55,500
3171204,Vespasiano,MG,528.74,1676
3171808,Virginópolis,MG,519.64,392
3172004,Visconde do Rio Branco,MG,547.2,797
3171303,Viçosa,MG,571.6,4624
3170800,Várzea da Palma,MG,508.89,541
3100906,Águas Formosas,MG,491.22,484
5000609,Amambai,MS,485.09,643
5000708,Anastácio,MS,483.69,336
5001003,Aparecida do Taboado,MS,509.04,318
5001102,Aquidauana,MS,491.34,982
5001904,Bataguassu,MS,507.55,404
5002100,Bela Vista,MS,494.53,319
5002159,Bodoquena,MS,485.87,127
5002209,Bonito,MS,515.32,232
5002407,Caarapó,MS,496.65,350
5002605,Camapuã,MS,486.85,159
5002704,Campo Grande,MS,536.62,17660
5002902,Cassilândia,MS,498.05,517
5002951,Chapadão do Sul,MS,504.58,555
5003207,Corumbá,MS,495.37,1803
5003256,Costa Rica,MS,499.77,357
5003306,Coxim,MS,490.27,717
5003488,Dois Irmãos do Buriti,MS,471.5,184
5003702,Dourados,MS,534.65,3944
5003801,Fátima do Sul,MS,508.41,361
5004502,Itaporã,MS,526.38,186
5004601,Itaquiraí,MS,502.08,316
5004700,Ivinhema,MS,508.41,599
5005004,Jardim,MS,507.71,528
5005103,Jateí,MS,500.4,179
5005202,Ladário,MS,491.24,275
5005400,Maracaju,MS,500.71,431
5005608,Miranda,MS,482.32,385
5005707,Naviraí,MS,517.89,778
5005806,Nioaque,MS,476.41,225
5006200,Nova Andradina,MS,509.16,853
5006309,Paranaíba,MS,514.09,610
5006606,Ponta Porã,MS,509.31,1610
5006903,Porto Murtinho,MS,473.15,99
5007109,Ribas do Rio Pardo,MS,495.22,215
5007208,Rio Brilhante,MS,497.37,576
5007406,Rio Verde de Mato Grosso,MS,482.95,138
5007703,Sete Quedas,MS,457.07,208
5007901,Sidrolândia,MS,500.08,457
5007695,São Gabriel do Oeste,MS,536.07,399
5008305,Três Lagoas,MS,535.49,2075
5000203,Água Clara,MS,503.2,161
5100250,Alta Floresta,MT,522.68,838
5101258,Araputanga,MT,494.32,379
5101308,Arenápolis,MT,492.06,313
5101407,Aripuanã,MT,488.62,171
5101704,Barra do Bugres,MT,491.75,366
5101803,Barra do Garças,MT,517.19,1501
5101902,Brasnorte,MT,499.66,84
5102637,Campo Novo do Parecis,MT,516.06,503
5102678,Campo Verde,MT,525.39,711
5102702,Canarana,MT,514.56,259
5102793,Carlinda,MT,492.23,64
5103007,Chapada dos Guimarães,MT,495.56,284
5103254,Colniza,MT,470.12,214
5103205,Colíder,MT,515.96,385
5103304,Comodoro,MT,506.41,188
5103353,Confresa,MT,490.3,652
5103403,Cuiabá,MT,530.41,14888
5102504,Cáceres,MT,507.08,1784
5103502,Diamantino,MT,503.89,288
5103700,Feliz Natal,MT,496.35,147
5104104,Guarantã do Norte,MT,533.94,376
5104203,Guiratinga,MT,495.1,190
5104609,Itiquira,MT,479.34,132
5104807,Jaciara,MT,496.71,792
5105101,Juara,MT,511.95,437
5105176,Juruena,MT,471.08,167
5105150,Juína,MT,526.8,529
5105259,Lucas do Rio Verde,MT,526.73,1221
5105580,Marcelândia,MT,505.21,102
5105622,Mirassol d'Oeste,MT,494.6,422
5106109,Nossa Senhora do Livramento,MT,457.72,140
5108956,Nova Monte Verde,MT,487.96,192
5106224,Nova Mutum,MT,523.22,637
5106232,Nova Olímpia,MT,498.38,187
5106257,Nova Xavantina,MT,490.42,390
5106307,Paranatinga,MT,485.52,263
5106372,Pedra Preta,MT,507.82,248
5106422,Peixoto de Azevedo,MT,501.11,264
5106505,Poconé,MT,469.25,343
5106752,Pontes e Lacerda,MT,488.85,795
5106828,Porto Esperidião,MT,474.43,157
5107008,Poxoréu,MT,490.5,135
5107040,Primavera do Leste,MT,529.03,1161
5107065,Querência,MT,491.5,447
5107602,Rondonópolis,MT,527.15,4669
5107701,Rosário Oeste,MT,463.71,474
5107800,Santo Antônio de Leverger,MT,482.07,250
5107875,Sapezal,MT,507.62,528
5107909,Sinop,MT,536.14,3366
5107925,Sorriso,MT,522.46,1569
5107859,São Félix do Araguaia,MT,470.78,197
5107305,São José do Rio Claro,MT,504.76,182
5107107,São José dos Quatro Marcos,MT,530.47,178
5107958,Tangará da Serra,MT,528.71,1483
5108055,Terra Nova do Norte,MT,495.65,125
5108600,Vila Rica,MT,478.68,243
5108402,Várzea Grande,MT,502.09,4574
5100201,Água Boa,MT,509.78,360
1500107,Abaetetuba,PA,484.05,5540
1500206,Acará,PA,455.3,933
1500404,Alenquer,PA,459.56,1294
1500503,Almeirim,PA,454.27,384
1500602,Altamira,PA,488.34,3516
1500701,Anajás,PA,444.79,488
1500800,Ananindeua,PA,498.72,15546
1500909,Augusto Corrêa,PA,469.0,759
1500958,Aurora do Pará,PA,475.05,358
1501105,Bagre,PA,450.75,646
1501204,Baião,PA,460.97,858
1501303,Barcarena,PA,498.28,3075
1501402,Belém,PA,505.17,48601
1501501,Benevides,PA,501.43,2238
1501709,Bragança,PA,483.39,3845
1501782,Breu Branco,PA,464.2,694
1501808,Breves,PA,469.74,3021
1501907,Bujaru,PA,451.19,794
1501956,Cachoeira do Piriá,PA,446.91,355
1502103,Cametá,PA,479.12,6038
1502152,Canaã dos Carajás,PA,507.64,1464
1502202,Capanema,PA,485.97,3373
1502301,Capitão Poço,PA,478.9,1527
1502400,Castanhal,PA,523.23,6342
1502509,Chaves,PA,451.62,185
1502707,Conceição do Araguaia,PA,482.81,1445
1502756,Concórdia do Pará,PA,473.8,658
1502806,Curralinho,PA,451.35,863
1502905,Curuçá,PA,462.48,1400
1502939,Dom Eliseu,PA,480.82,731
1502954,Eldorado do Carajás,PA,466.13,449
1503044,Floresta do Araguaia,PA,453.64,201
1503093,Goianésia do Pará,PA,475.38,349
1503101,Gurupá,PA,463.63,819
1503200,Igarapé-Açu,PA,474.63,1305
1503309,Igarapé-Miri,PA,461.63,2054
1503606,Itaituba,PA,497.64,1981
1503705,Itupiranga,PA,466.78,677
1503754,Jacareacanga,PA,435.73,155
1503804,Jacundá,PA,467.58,981
1503903,Juruti,PA,465.12,1445
1504000,Limoeiro do Ajuru,PA,465.63,998
1504208,Marabá,PA,501.07,8225
1504307,Maracanã,PA,462.3,492
1504422,Marituba,PA,479.81,2696
1504505,Melgaço,PA,449.12,640
1504604,Mocajuba,PA,456.34,1714
1504703,Moju,PA,456.87,1664
1504802,Monte Alegre,PA,475.33,1376
1504901,Muaná,PA,459.36,935
1504059,Mãe do Rio,PA,474.54,1077
1504950,Nova Esperança do Piriá,PA,453.35,543
1505031,Novo Progresso,PA,489.36,390
1505064,Novo Repartimento,PA,472.56,719
1505205,Oeiras do Pará,PA,466.18,700
1505304,Oriximiná,PA,473.43,1564
1505403,Ourém,PA,470.64,600
1505486,Pacajá,PA,456.1,719
1505502,Paragominas,PA,499.0,2653
1505536,Parauapebas,PA,512.7,5199
1505700,Ponta de Pedras,PA,449.3,702
1505809,Portel,PA,458.63,1342
1505908,Porto de Moz,PA,441.75,484
1506005,Prainha,PA,432.87,393
1506138,Redenção,PA,497.84,1848
1506187,Rondon do Pará,PA,483.56,874
1506195,Rurópolis,PA,474.43,526
1506203,Salinópolis,PA,488.7,1655
1506302,Salvaterra,PA,463.65,1272
1506500,Santa Izabel do Pará,PA,504.14,1869
1506708,Santana do Araguaia,PA,468.75,372
1506807,Santarém,PA,501.77,12832
1507805,Senador José Porfírio,PA,453.2,288
1507904,Soure,PA,483.17,787
1507201,São Domingos do Capim,PA,452.45,708
1507300,São Félix do Xingu,PA,473.78,439
1507458,São Geraldo do Araguaia,PA,453.75,486
1507607,São Miguel do Guamá,PA,472.6,2477
1507706,São Sebastião da Boa Vista,PA,462.63,945
1507953,Tailândia,PA,481.27,1144
1508001,Tomé-Açu,PA,478.36,1601
1508084,Tucumã,PA,499.12,782
1508100,Tucuruí,PA,490.42,2469
1508159,Uruará,PA,469.58,660
1508209,Vigia,PA,471.21,2017
1508308,Viseu,PA,444.77,941
1508357,Vitória do Xingu,PA,473.44,321
1508407,Xinguara,PA,475.83,1252
1505106,Óbidos,PA,461.29,1747
2500304,Alagoa Grande,PB,498.85,836
2500403,Alagoa Nova,PB,491.72,809
2500502,Alagoinha,PB,485.09,595
2500601,Alhandra,PB,475.59,421
2501005,Araruna,PB,498.35,850
2501104,Areia,PB,497.19,778
2501302,Aroeiras,PB,496.33,560
2501500,Bananeiras,PB,502.56,1351
2501807,Bayeux,PB,508.71,1788
2502508,Boqueirão,PB,503.85,831
2503001,Caaporã,PB,469.21,454
2503209,Cabedelo,PB,526.43,1515
2503506,Cacimba de Dentro,PB,494.43,561
2503704,Cajazeiras,PB,517.53,2764
2504009,Campina Grande,PB,544.03,14877
2504306,Catolé do Rocha,PB,510.82,1774
2504405,Conceição,PB,483.33,976
2505105,Cuité,PB,500.78,1823
2505600,Diamante,PB,496.98,382
2506004,Esperança,PB,518.15,1212
2506301,Guarabira,PB,510.77,3447
2506806,Ingá,PB,497.47,923
2506905,Itabaiana,PB,493.22,1696
2507002,Itaporanga,PB,508.5,1388
2507101,Itapororoca,PB,488.09,480
2507309,Jacaraú,PB,499.64,710
2507507,João Pessoa,PB,549.75,26474
2507705,Juazeirinho,PB,483.97,789
2508901,Mamanguape,PB,489.79,1581
2509107,Mari,PB,500.93,649
2509701,Monteiro,PB,491.82,1430
2510808,Patos,PB,514.21,5202
2511301,Piancó,PB,511.56,885
2511400,Picuí,PB,502.93,1101
2512002,Pocinhos,PB,515.31,520
2512101,Pombal,PB,506.84,1797
2512309,Princesa Isabel,PB,507.43,1055
2512507,Queimadas,PB,509.81,1433
2512705,Remígio,PB,506.65,711
2512903,Rio Tinto,PB,471.79,1085
2513406,Santa Luzia,PB,503.48,895
2513703,Santa Rita,PB,502.9,2611
2515302,Sapé,PB,493.7,1739
2516102,Soledade,PB,492.1,622
2516003,Solânea,PB,501.86,1264
2516201,Sousa,PB,516.41,3799
2516300,Sumé,PB,489.84,1400
2513901,São Bento,PB,516.35,1015
2514503,São José de Piranhas,PB,509.55,624
2500700,São João do Rio do Peixe,PB,503.53,815
2515104,São Sebastião de Lagoa de Roça,PB,510.66,421
2515401,São Vicente do Seridó,PB,480.58,457
2516508,Taperoá,PB,498.96,609
2516607,Tavares,PB,519.27,508
2516904,Uiraúna,PB,501.62,799
2600054,Abreu e Lima,PE,502.36,2073
2600104,Afogados da Ingazeira,PE,509.77,1261
2600203,Afrânio,PE,477.21,928
2600302,Agrestina,PE,503.86,418
2600708,Aliança,PE,496.94,628
2600807,Altinho,PE,507.24,484
2601102,Araripina,PE,502.68,2667
2601052,Araçoiaba,PE,476.48,512
2601201,Arcoverde,PE,504.71,3301
2601409,Barreiros,PE,500.47,1519
2601706,Belo Jardim,PE,522.84,1713
2601607,Belém do São Francisco,PE,461.49,1025
2601904,Bezerros,PE,524.08,1699
2602100,Bom Conselho,PE,498.7,1405
2602209,Bom Jardim,PE,506.65,1091
2602308,Bonito,PE,504.54,1277
2602605,Brejo da Madre de Deus,PE,515.26,517
2602902,Cabo de Santo Agostinho,PE,504.67,3619
2603009,Cabrobó,PE,459.92,1777
2603207,Caetés,PE,497.18,834
2603454,Camaragibe,PE,513.14,4530
2603926,Carnaubeira da Penha,PE,476.16,443
2603900,Carnaíba,PE,497.69,899
2604007,Carpina,PE,517.97,2333
2604106,Caruaru,PE,539.02,10063
2604205,Catende,PE,497.26,1096
2605004,Cupira,PE,515.74,833
2605103,Custódia,PE,495.94,762
2605202,Escada,PE,492.99,1256
2605301,Exu,PE,490.53,1281
2605459,Fernando de Noronha,PE,503.62,47
2605707,Floresta,PE,480.38,1244
2606002,Garanhuns,PE,519.6,6570
2606101,Glória do Goitá,PE,481.26,839
2606200,Goiana,PE,500.33,2107
2606408,Gravatá,PE,522.43,2339
2606606,Ibimirim,PE,475.64,639
2606804,Igarassu,PE,499.62,3050
2607208,Ipojuca,PE,498.58,1375
2607307,Ipubi,PE,494.72,654
2607653,Itambé,PE,500.3,1416
2607901,Jaboatão dos Guararapes,PE,517.62,11124
2608750,Lagoa Grande,PE,484.31,609
2608503,Lagoa de Itaenga,PE,509.12,587
2608800,Lajedo,PE,511.99,1755
2608909,Limoeiro,PE,524.36,2456
2609006,Macaparana,PE,505.68,910
2609303,Mirandiba,PE,473.68,443
2609402,Moreno,PE,510.73,1357
2609501,Nazaré da Mata,PE,507.6,1359
2609600,Olinda,PE,522.1,8103
2609709,Orobó,PE,498.99,961
2609907,Ouricuri,PE,488.76,2397
2610004,Palmares,PE,489.22,1857
2610202,Panelas,PE,500.78,1044
2610400,Parnamirim,PE,481.2,382
2610509,Passira,PE,482.95,1218
2610608,Paudalho,PE,495.88,991
2610707,Paulista,PE,518.81,7037
2610905,Pesqueira,PE,500.59,2149
2611101,Petrolina,PE,532.35,10545
2611002,Petrolândia,PE,493.16,1558
2611606,Recife,PE,546.31,41071
2611804,Ribeirão,PE,495.5,1064
2611903,Rio Formoso,PE,489.91,775
2612208,Salgueiro,PE,499.96,2782
2612505,Santa Cruz do Capibaribe,PE,518.04,2768
2612604,Santa Maria da Boa Vista,PE,455.08,1006
2613909,Serra Talhada,PE,513.35,2590
2614105,Sertânia,PE,492.86,777
2614501,Surubim,PE,526.1,2921
2613008,São Bento do Una,PE,513.72,825
2613107,São Caitano,PE,518.4,824
2613503,São José do Belmonte,PE,492.99,963
2613602,São José do Egito,PE,508.79,1813
2613701,São Lourenço da Mata,PE,501.32,2618
2614600,Tabira,PE,511.75,1291
2615300,Timbaúba,PE,510.88,1839
2615706,Triunfo,PE,515.21,813
2616308,Vicência,PE,494.68,541
2616407,Vitória de Santo Antão,PE,523.94,3092
2600401,Água Preta,PE,478.38,356
2600500,Águas Belas,PE,475.48,1706
2200400,Altos,PI,492.85,2292
2200509,Amarante,PI,469.27,661
2201101,Avelino Lopes,PI,455.85,508
2201150,Baixa Grande do Ribeiro,PI,438.33,470
2201200,Barras,PI,473.78,2302
2201507,Batalha,PI,478.88,619
2201903,Bom Jesus,PI,477.26,2098
2202000,Buriti dos Lopes,PI,476.0,877
2202208,Campo Maior,PI,498.58,2426
2202307,Canto do Buriti,PI,463.83,1000
2202604,Castelo do Piauí,PI,485.82,1058
2202703,Cocal,PI,493.76,803
2202901,Corrente,PI,467.53,1814
2203701,Esperantina,PI,486.51,1351
2203909,Floriano,PI,498.67,3983
2205508,José de Freitas,PI,485.2,1043
2205607,Landri Sales,PI,454.61,157
2205805,Luzilândia,PI,470.26,1136
2205706,Luís Correia,PI,484.3,448
2206001,Marcos Parente,PI,452.23,123
2206209,Miguel Alves,PI,458.96,641
2206407,Monsenhor Gil,PI,476.3,624
2206605,Monte Alegre do Piauí,PI,439.17,330
2207009,Oeiras,PI,491.76,2314
2207702,Parnaíba,PI,522.71,6240
2207801,Paulistana,PI,481.73,1548
2207900,Pedro II,PI,499.75,1324
2208007,Picos,PI,511.59,6450
2208205,Pio IX,PI,484.53,580
2208304,Piracuruca,PI,502.24,1036
2208403,Piripiri,PI,507.19,2276
2208809,Regeneração,PI,476.55,578
2209203,Santa Filomena,PI,463.1,138
2210003,São João do Piauí,PI,471.14,1556
2210508,São Pedro do Piauí,PI,479.16,392
2210607,São Raimundo Nonato,PI,478.83,2548
2211001,Teresina,PI,543.91,29880
2211100,União,PI,482.43,1389
2211209,Uruçuí,PI,467.77,944
2211308,Valença do Piauí,PI,479.21,2259
2200202,Água Branca,PI,486.37,1277
4100400,Almirante Tamandaré,PR,511.17,1036
4100806,Alvorada do Sul,PR,525.15,280
4101002,Ampére,PR,529.06,351
4101408,Apucarana,PR,538.03,1823
4101507,Arapongas,PR,530.73,1412
4101606,Arapoti,PR,536.36,288
4101804,Araucária,PR,531.01,2162
4101903,Assaí,PR,526.72,523
4102000,Assis Chateaubriand,PR,531.41,673
4102109,Astorga,PR,519.46,440
4102406,Bandeirantes,PR,513.43,952
4103453,Cafelândia,PR,520.91,303
4103701,Cambé,PR,532.71,1210
4104006,Campina Grande do Sul,PR,524.86,694
4104204,Campo Largo,PR,537.1,1668
4104253,Campo Magro,PR,508.64,332
4104303,Campo Mourão,PR,530.0,2247
4104501,Capanema,PR,542.85,369
4104808,Cascavel,PR,549.15,5265
4104907,Castro,PR,528.25,1020
4105409,Chopinzinho,PR,529.25,481
4105508,Cianorte,PR,525.12,1412
4105706,Clevelândia,PR,506.0,167
4105805,Colombo,PR,521.82,2962
4105904,Colorado,PR,513.95,627
4106407,Cornélio Procópio,PR,530.49,1258
4106506,Coronel Vivida,PR,524.07,467
4106902,Curitiba,PR,559.64,32527
4107207,Dois Vizinhos,PR,521.92,986
4107652,Fazenda Rio Grande,PR,513.89,1704
4108304,Foz do Iguaçu,PR,537.01,5611
4108403,Francisco Beltrão,PR,535.85,1940
4108601,Goioerê,PR,532.2,392
4109401,Guarapuava,PR,535.38,2801
4109609,Guaratuba,PR,520.25,512
4108809,Guaíra,PR,506.19,951
4109708,Ibaiti,PR,517.41,532
4109807,Ibiporã,PR,534.46,877
4110706,Irati,PR,534.89,1179
4111506,Ivaiporã,PR,515.24,1022
4111407,Ivaí,PR,506.49,171
4111803,Jacarezinho,PR,530.14,705
4112009,Jaguariaíva,PR,517.78,416
4112108,Jandaia do Sul,PR,523.04,658
4113205,Lapa,PR,529.07,566
4113304,Laranjeiras do Sul,PR,525.77,803
4113502,Loanda,PR,510.57,770
4113700,Londrina,PR,559.8,8954
4114302,Mandirituba,PR,518.07,417
4114609,Marechal Cândido Rondon,PR,546.22,1078
4114807,Marialva,PR,537.53,329
4115200,Maringá,PR,558.89,6080
4115705,Matinhos,PR,512.2,764
4115754,Mauá da Serra,PR,508.66,353
4115804,Medianeira,PR,529.45,1063
4116901,Nova Esperança,PR,515.8,319
4117503,Paiçandu,PR,523.87,202
4117602,Palmas,PR,500.85,577
4117701,Palmeira,PR,525.02,411
4117909,Palotina,PR,533.37,581
4118204,Paranaguá,PR,514.59,2175
4118402,Paranavaí,PR,531.27,1621
4118501,Pato Branco,PR,558.98,1712
4119152,Pinhais,PR,530.19,2168
4119301,Pinhão,PR,500.32,393
4119509,Piraquara,PR,506.09,1050
4119608,Pitanga,PR,507.35,838
4119905,Ponta Grossa,PR,537.85,4932
4120002,Porecatu,PR,514.39,408
4120606,Prudentópolis,PR,523.81,586
4120804,Quatro Barras,PR,532.83,343
4120903,Quedas do Iguaçu,PR,519.7,450
4121406,Realeza,PR,518.85,631
4122206,Rio Branco do Sul,PR,505.91,560
4122305,Rio Negro,PR,540.97,310
4122404,Rolândia,PR,544.09,904
4123501,Santa Helena,PR,523.87,373
4124053,Santa Terezinha de Itaipu,PR,523.13,368
4124103,Santo Antônio da Platina,PR,521.77,1032
4126256,Sarandi,PR,513.47,613
4125506,São José dos Pinhais,PR,533.88,4982
4125605,São Mateus do Sul,PR,530.82,735
4125704,São Miguel do Iguaçu,PR,542.18,351
4127106,Telêmaco Borba,PR,515.36,1220
4127700,Toledo,PR,543.56,2449
4128005,Ubiratã,PR,520.34,512
4128104,Umuarama,PR,538.49,2780
4128203,União da Vitória,PR,532.53,1226
4128500,Wenceslau Braz,PR,532.28,560
3300100,Angra dos Reis,RJ,529.68,2222
3300209,Araruama,RJ,538.52,1894
3300407,Barra Mansa,RJ,546.51,2216
3300308,Barra do Piraí,RJ,551.98,837
3300456,Belford Roxo,RJ,500.94,4025
3300605,Bom Jesus do Itabapoana,RJ,533.15,1012
3300704,Cabo Frio,RJ,539.95,3787
3300803,Cachoeiras de Macacu,RJ,535.5,673
3301009,Campos dos Goytacazes,RJ,541.35,6658
3301306,Casimiro de Abreu,RJ,530.64,429
3301702,Duque de Caxias,RJ,519.11,11636
3301850,Guapimirim,RJ,530.15,500
3301876,Iguaba Grande,RJ,532.86,499
3301900,Itaboraí,RJ,523.59,3120
3302007,Itaguaí,RJ,517.97,1767
3302106,Itaocara,RJ,541.62,756
3302205,Itaperuna,RJ,538.86,2074
3302270,Japeri,RJ,490.33,1049
3302403,Macaé,RJ,549.06,4487
3302502,Magé,RJ,517.94,2821
3302601,Mangaratiba,RJ,518.51,493
3302700,Maricá,RJ,534.76,3425
3302858,Mesquita,RJ,510.36,2194
3302908,Miguel Pereira,RJ,537.84,656
3303005,Miracema,RJ,531.09,515
3303203,Nilópolis,RJ,526.95,3225
3303302,Niterói,RJ,579.57,12119
3303401,Nova Friburgo,RJ,568.79,3860
3303500,Nova Iguaçu,RJ,517.83,11478
3303609,Paracambi,RJ,533.29,636
3303807,Paraty,RJ,544.26,577
3303708,Paraíba do Sul,RJ,521.77,587
3303906,Petrópolis,RJ,561.14,3909
3304144,Queimados,RJ,504.19,2116
3304151,Quissamã,RJ,531.93,438
3304201,Resende,RJ,559.02,2528
3304300,Rio Bonito,RJ,527.17,1348
3304524,Rio das Ostras,RJ,547.05,3861
3304557,Rio de Janeiro,RJ,553.85,97363
3304706,Santo Antônio de Pádua,RJ,551.87,788
3305505,Saquarema,RJ,532.25,1021
3305554,Seropédica,RJ,508.6,1913
3304805,São Fidélis,RJ,544.31,521
3304755,São Francisco de Itabapoana,RJ,512.49,473
3304904,São Gonçalo,RJ,531.97,11255
3305000,São João da Barra,RJ,536.72,227
3305109,São João de Meriti,RJ,515.69,5530
3305208,São Pedro da Aldeia,RJ,543.41,1164
3305802,Teresópolis,RJ,563.92,2018
3306008,Três Rios,RJ,539.91,1552
3306107,Valença,RJ,536.58,1186
3306206,Vassouras,RJ,540.95,635
3306305,Volta Redonda,RJ,556.6,4493
2400109,Acari,RN,531.47,484
2400505,Alexandria,RN,502.14,842
2400703,Alto do Rodrigues,RN,493.06,662
2400802,Angicos,RN,493.68,1090
2401008,Apodi,RN,525.03,1441
2401107,Areia Branca,RN,508.51,658
2400208,Açu,RN,512.07,1791
2401453,Baraúna,RN,515.2,532
2402006,Caicó,RN,547.85,2814
2402204,Canguaretama,RN,491.47,1236
2402303,Caraúbas,RN,497.34,1008
2402600,Ceará-Mirim,RN,503.08,2224
2403103,Currais Novos,RN,525.57,2220
2403608,Extremoz,RN,509.5,1251
2404200,Goianinha,RN,506.31,1180
2404705,Ipanguaçu,RN,486.7,337
2405603,Jardim de Piranhas,RN,516.45,341
2405801,João Câmara,RN,493.88,1607
2406106,Jucurutu,RN,513.41,681
2407005,Luís Gomes,RN,501.76,546
2407203,Macau,RN,509.2,819
2407104,Macaíba,RN,507.05,1638
2408003,Mossoró,RN,541.33,8916
2408102,Natal,RN,560.03,25478
2408300,Nova Cruz,RN,504.85,1957
2408201,Nísia Floresta,RN,481.15,338
2408904,Parelhas,RN,523.28,1204
2403251,Parnamirim,RN,538.27,5436
2409308,Patu,RN,495.62,1604
2409407,Pau dos Ferros,RN,517.04,3371
2410207,Portalegre,RN,500.99,443
2411205,Santa Cruz,RN,513.91,1977
2411502,Santo Antônio,RN,502.85,1371
2412005,São Gonçalo do Amarante,RN,519.58,2170
2412203,São José de Mipibu,RN,496.08,952
2412500,São Miguel,RN,514.58,1350
2412609,São Paulo do Potengi,RN,495.06,1508
2411056,Tibau,RN,493.45,365
2414407,Touros,RN,496.09,927
2414506,Umarizal,RN,497.01,618
2414803,Vera Cruz,RN,498.71,639
1100015,Alta Floresta D'Oeste,RO,499.35,411
1100403,Alto Paraíso,RO,479.62,180
1100346,Alvorada D'Oeste,RO,483.46,351
1100023,Ariquemes,RO,502.38,2288
1100452,Buritis,RO,488.98,547
1100049,Cacoal,RO,512.56,2119
1100056,Cerejeiras,RO,497.13,344
1100064,Colorado do Oeste,RO,511.92,412
1100080,Costa Marques,RO,477.03,226
1100098,Espigão D'Oeste,RO,504.93,466
1100106,Guajará-Mirim,RO,464.94,1358
1100114,Jaru,RO,504.3,1163
1100122,Ji-Paraná,RO,512.51,2310
1100130,Machadinho D'Oeste,RO,489.17,449
1101302,Mirante da Serra,RO,496.85,365
1101401,Monte Negro,RO,491.75,218
1100148,Nova Brasilândia D'Oeste,RO,509.43,254
1100155,Ouro Preto do Oeste,RO,509.62,685
1100189,Pimenta Bueno,RO,495.99,794
1100205,Porto Velho,RO,504.52,12377
1100254,Presidente Médici,RO,506.4,392
1100288,Rolim de Moura,RO,501.94,1522
1101492,São Francisco do Guaporé,RO,489.81,248
1100320,São Miguel do Guaporé,RO,486.17,386
1100304,Vilhena,RO,516.46,1917
1400050,Alto Alegre,RR,451.03,139
1400027,Amajari,RR,441.36,28
1400100,Boa Vista,RR,509.29,7927
1400159,Bonfim,RR,455.03,68
1400209,Caracaraí,RR,466.8,200
1400308,Mucajaí,RR,455.84,185
1400456,Pacaraima,RR,464.21,57
1400472,Rorainópolis,RR,481.89,271
1400506,São João da Baliza,RR,455.31,224
1400704,Uiramutã,RR,412.15,48
4300406,Alegrete,RS,524.78,1139
4300604,Alvorada,RS,512.38,2061
4301305,Arroio Grande,RS,506.45,280
4301008,Arroio do Meio,RS,587.74,155
4301602,Bagé,RS,518.01,1833
4302105,Bento Gonçalves,RS,576.89,1130
4302709,Butiá,RS,508.45,226
4303004,Cachoeira do Sul,RS,539.14,1187
4303103,Cachoeirinha,RS,534.33,1865
4303509,Camaquã,RS,523.08,1439
4303905,Campo Bom,RS,543.15,629
4304408,Canela,RS,545.18,799
4304507,Canguçu,RS,532.4,650
4304606,Canoas,RS,544.18,4886
4304630,Capão da Canoa,RS,530.75,936
4304663,Capão do Leão,RS,495.08,312
4304705,Carazinho,RS,550.45,1037
4304804,Carlos Barbosa,RS,568.31,426
4305108,Caxias do Sul,RS,562.11,5022
4302808,Caçapava do Sul,RS,517.22,584
4305207,Cerro Largo,RS,542.18,765
4305355,Charqueadas,RS,534.14,481
4306106,Cruz Alta,RS,539.18,881
4306403,Dois Irmãos,RS,554.08,406
4306601,Dom Pedrito,RS,500.8,361
4306767,Eldorado do Sul,RS,503.25,361
4306809,Encantado,RS,568.92,492
4306908,Encruzilhada do Sul,RS,503.51,248
4307005,Erechim,RS,550.87,2024
4307500,Espumoso,RS,550.61,649
4307708,Esteio,RS,535.2,954
4307807,Estrela,RS,566.7,326
4307609,Estância Velha,RS,554.03,602
4307906,Farroupilha,RS,563.01,773
4308508,Frederico Westphalen,RS,538.52,1621
4308607,Garibaldi,RS,571.47,329
4308904,Getúlio Vargas,RS,532.54,321
4309001,Giruá,RS,508.28,234
4309209,Gravataí,RS,540.77,2872
4309407,Guaporé,RS,549.88,441
4309308,Guaíba,RS,525.15,1356
4309605,Horizontina,RS,562.58,300
4310108,Igrejinha,RS,553.08,489
4310207,Ijuí,RS,562.05,1728
4310330,Imbé,RS,535.83,316
4310603,Itaqui,RS,503.23,451
4310801,Ivoti,RS,578.63,304
4311007,Jaguarão,RS,521.09,315
4311205,Júlio de Castilhos,RS,527.19,646
4311304,Lagoa Vermelha,RS,542.43,537
4311403,Lajeado,RS,586.87,1088
4311700,Machadinho,RS,533.74,342
4311809,Marau,RS,546.74,856
4312401,Montenegro,RS,552.78,1092
4312500,Mostardas,RS,490.82,177
4313201,Nova Petrópolis,RS,571.27,384
4313300,Nova Prata,RS,555.66,570
4313409,Novo Hamburgo,RS,559.87,2096
4313508,Osório,RS,549.25,852
4313706,Palmeira das Missões,RS,518.41,747
4313904,Panambi,RS,545.28,701
4314050,Parobé,RS,535.18,488
4314100,Passo Fundo,RS,560.03,2950
4314407,Pelotas,RS,537.88,6985
4314506,Pinheiro Machado,RS,499.42,155
4314605,Piratini,RS,502.1,209
4314902,Porto Alegre,RS,568.58,21256
4315305,Quaraí,RS,514.03,241
4315602,Rio Grande,RS,524.2,4340
4315701,Rio Pardo,RS,520.06,387
4316402,Rosário do Sul,RS,513.72,341
4317103,Sant'Ana do Livramento,RS,526.54,999
4316808,Santa Cruz do Sul,RS,569.92,2178
4316907,Santa Maria,RS,563.95,7066
4317202,Santa Rosa,RS,562.76,1636
4317301,Santa Vitória do Palmar,RS,512.65,402
4317400,Santiago,RS,531.31,1047
4317608,Santo Antônio da Patrulha,RS,531.56,386
4317509,Santo Ângelo,RS,546.64,1382
4319901,Sapiranga,RS,534.95,1010
4320008,Sapucaia do Sul,RS,527.58,1378
4320107,Sarandi,RS,536.64,929
4320701,Sobradinho,RS,539.37,718
4320800,Soledade,RS,526.86,678
4318002,São Borja,RS,508.34,885
4318309,São Gabriel,RS,531.52,647
4318408,São Jerônimo,RS,517.46,433
4318507,São José do Norte,RS,508.61,296
4318705,São Leopoldo,RS,551.9,2382
4318804,São Lourenço do Sul,RS,527.37,505
4318903,São Luiz Gonzaga,RS,520.99,793
4319000,São Marcos,RS,559.56,205
4319604,São Sepé,RS,529.07,337
4319802,São Vicente do Sul,RS,532.86,690
4320909,Tapejara,RS,539.82,516
4321204,Taquara,RS,553.49,862
4321303,Taquari,RS,538.6,285
4321451,Teutônia,RS,568.04,418
4321501,Torres,RS,535.35,1049
4321600,Tramandaí,RS,524.52,747
4321907,Três Passos,RS,541.89,1003
4321808,Três de Maio,RS,555.19,571
4322400,Uruguaiana,RS,521.39,1979
4322509,Vacaria,RS,536.99,715
4322608,Venâncio Aires,RS,564.94,633
4322806,Veranópolis,RS,598.04,366
4323002,Viamão,RS,525.45,2384
4201406,Araranguá,SC,540.62,1465
4202008,Balneário Camboriú,SC,554.88,1746
4202305,Biguaçu,SC,536.49,1459
4202404,Blumenau,SC,559.06,3362
4202800,Braço do Norte,SC,543.74,613
4202909,Brusque,SC,550.07,1340
4203204,Camboriú,SC,527.61,795
4203600,Campos Novos,SC,528.87,398
4203808,Canoinhas,SC,531.12,962
4203006,Caçador,SC,527.45,628
4204202,Chapecó,SC,552.16,3400
4204301,Concórdia,SC,555.27,1240
4204608,Criciúma,SC,559.97,3572
4204806,Curitibanos,SC,527.32,702
4205001,Dionísio Cerqueira,SC,528.53,398
4205407,Florianópolis,SC,569.95,9956
4205506,Fraiburgo,SC,558.66,340
4205704,Garopaba,SC,540.84,571
4206504,Guaramirim,SC,542.0,376
4207304,Imbituba,SC,537.19,723
4207502,Indaial,SC,545.16,516
4208203,Itajaí,SC,540.15,3026
4208302,Itapema,SC,543.49,1303
4208401,Itapiranga,SC,544.93,460
4208500,Ituporanga,SC,522.76,679
4207007,Içara,SC,528.34,519
4208906,Jaraguá do Sul,SC,567.27,2003
4209003,Joaçaba,SC,550.93,1182
4209102,Joinville,SC,558.65,7690
4209300,Lages,SC,536.99,2147
4209409,Laguna,SC,543.19,678
4210100,Mafra,SC,544.55,995
4210506,Maravilha,SC,543.34,973
4211306,Navegantes,SC,527.91,1291
4211702,Orleans,SC,535.98,402
4211900,Palhoça,SC,541.09,3768
4212106,Palmitos,SC,523.85,544
4213609,Porto União,SC,543.18,440
4214201,Quilombo,SC,505.45,208
4215000,Rio Negrinho,SC,544.56,422
4214805,Rio do Sul,SC,555.77,1508
4217501,Seara,SC,532.5,299
4217709,Sombrio,SC,537.18,805
4215802,São Bento do Sul,SC,560.67,1192
4216206,São Francisco do Sul,SC,528.31,610
4216503,São Joaquim,SC,519.54,280
4216602,São José,SC,555.54,4047
4216909,São Lourenço do Oeste,SC,527.48,489
4217204,São Miguel do Oeste,SC,545.7,1198
4217808,Taió,SC,518.04,402
4218004,Tijucas,SC,538.75,655
4218202,Timbó,SC,554.18,581
4218707,Tubarão,SC,546.93,2430
4219309,Videira,SC,549.45,738
4219507,Xanxerê,SC,534.89,1219
4219705,Xaxim,SC,543.06,338
2800308,Aracaju,SE,543.29,21654
2800506,Areia Branca,SE,487.69,315
2800670,Boquim,SE,502.55,1123
2801009,Campo do Brito,SE,506.17,938
2801207,Canindé de São Francisco,SE,492.2,1023
2801306,Capela,SE,476.92,826
2801405,Carira,SE,481.85,780
2801504,Carmópolis,SE,482.35,536
2802106,Estância,SE,511.95,1515
2802403,Gararu,SE,479.49,529
2802809,Indiaroba,SE,462.95,315
2802908,Itabaiana,SE,536.73,4181
2803005,Itabaianinha,SE,502.75,1089
2803203,Itaporanga d'Ajuda,SE,478.19,882
2803302,Japaratuba,SE,490.14,559
2803500,Lagarto,SE,521.51,3197
2803609,Laranjeiras,SE,489.87,476
2804003,Maruim,SE,480.49,517
2804201,Monte Alegre de Sergipe,SE,494.45,362
2804409,Neópolis,SE,457.29,1269
2804458,Nossa Senhora Aparecida,SE,489.61,481
2804508,Nossa Senhora da Glória,SE,506.23,1507
2804607,Nossa Senhora das Dores,SE,492.88,1032
2804805,Nossa Senhora do Socorro,SE,501.62,3660
2805604,Porto da Folha,SE,455.82,619
2805406,Poço Redondo,SE,464.95,697
2805505,Poço Verde,SE,505.1,902
2805703,Propriá,SE,485.69,2437
2805901,Riachuelo,SE,465.74,384
2807105,Simão Dias,SE,506.81,1144
2806701,São Cristóvão,SE,512.12,2535
2807402,Tobias Barreto,SE,508.16,1598
2807600,Umbaúba,SE,485.75,1091
3500105,Adamantina,SP,554.28,558
3500709,Agudos,SP,555.13,376
3501608,Americana,SP,577.64,2872
3501905,Amparo,SP,568.1,1225
3502101,Andradina,SP,535.57,1055
3502507,Aparecida,SP,535.02,439
3502705,Apiaí,SP,504.66,485
3503208,Araraquara,SP,567.97,3625
3503307,Araras,SP,565.2,1353
3502804,Araçatuba,SP,562.24,3384
3502903,Araçoiaba da Serra,SP,528.97,374
3503802,Artur Nogueira,SP,543.25,857
3503901,Arujá,SP,540.11,1512
3504008,Assis,SP,549.4,1834
3504107,Atibaia,SP,561.17,2451
3504206,Auriflama,SP,540.01,359
3504503,Avaré,SP,555.97,1316
3505302,Barra Bonita,SP,547.13,670
3505401,Barra do Turvo,SP,476.55,78
3505500,Barretos,SP,555.6,1626
3505609,Barrinha,SP,511.92,409
3505708,Barueri,SP,544.11,5856
3505906,Batatais,SP,547.49,1180
3506003,Bauru,SP,566.86,5490
3506102,Bebedouro,SP,561.47,1141
3506359,Bertioga,SP,513.46,764
3506508,Birigui,SP,554.46,1593
3507001,Boituva,SP,551.43,902
3507506,Botucatu,SP,570.29,2219
3507605,Bragança Paulista,SP,556.12,2523
3508405,Cabreúva,SP,533.87,492
3508603,Cachoeira Paulista,SP,541.47,425
3509007,Caieiras,SP,539.87,1705
3509205,Cajamar,SP,528.6,1143
3509254,Cajati,SP,524.36,323
3509403,Cajuru,SP,517.4,353
3509502,Campinas,SP,569.76,14587
3509601,Campo Limpo Paulista,SP,537.01,1121
3509700,Campos do Jordão,SP,538.38,685
3510401,Capivari,SP,544.54,669
3510203,Capão Bonito,SP,520.77,813
3510500,Caraguatatuba,SP,541.69,1755
3510609,Carapicuíba,SP,524.93,4107
3510807,Casa Branca,SP,552.52,328
3511102,Catanduva,SP,561.74,2197
3508504,Caçapava,SP,556.44,1128
3511409,Cerqueira César,SP,547.24,241
3511508,Cerquilho,SP,558.38,554
3512803,Cosmópolis,SP,538.18,626
3513009,Cotia,SP,545.8,3868
3513405,Cruzeiro,SP,553.29,1403
3513504,Cubatão,SP,530.6,1295
3510005,Cândido Mota,SP,547.87,284
3513801,Diadema,SP,534.31,5992
3514403,Dracena,SP,551.16,1091
3514809,Eldorado,SP,494.24,175
3515004,Embu das Artes,SP,521.92,3070
3515103,Embu-Guaçu,SP,528.7,975
3515186,Espírito Santo do Pinhal,SP,562.0,417
3515509,Fernandópolis,SP,561.91,1561
3515707,Ferraz de Vasconcelos,SP,526.04,2194
3516200,Franca,SP,559.72,4843
3516309,Francisco Morato,SP,515.2,1624
3516408,Franco da Rocha,SP,526.37,1599
3516705,Garça,SP,541.0,566
3518206,Guararapes,SP,551.44,438
3518404,Guaratinguetá,SP,567.62,1538
3518701,Guarujá,SP,525.69,3370
3518800,Guarulhos,SP,541.17,15886
3517406,Guaíra,SP,561.97,497
3519071,Hortolândia,SP,541.41,2714
3519303,Ibaté,SP,536.78,405
3519600,Ibitinga,SP,549.86,792
3519709,Ibiúna,SP,534.2,769
3520301,Iguape,SP,518.13,584
3520442,Ilha Solteira,SP,544.47,513
3520400,Ilhabela,SP,542.22,456
3520509,Indaiatuba,SP,569.83,3490
3522109,Itanhaém,SP,517.34,1376
3522208,Itapecerica da Serra,SP,527.86,2586
3522307,Itapetininga,SP,546.61,2285
3522406,Itapeva,SP,526.31,2158
3522505,Itapevi,SP,516.36,2495
3522604,Itapira,SP,560.78,826
3523107,Itaquaquecetuba,SP,516.23,3379
3523206,Itararé,SP,527.51,903
3523404,Itatiba,SP,570.31,1297
3521804,Itaí,SP,542.85,496
3523909,Itu,SP,561.48,1775
3524006,Itupeva,SP,554.76,684
3524105,Ituverava,SP,550.1,1185
3522703,Itápolis,SP,552.25,395
3524303,Jaboticabal,SP,547.85,1315
3524402,Jacareí,SP,557.05,3260
3524709,Jaguariúna,SP,563.75,1093
3524808,Jales,SP,552.71,984
3525003,Jandira,SP,529.77,1227
3525102,Jardinópolis,SP,551.88,480
3525300,Jaú,SP,567.66,3175
3525706,José Bonifácio,SP,546.02,676
3525904,Jundiaí,SP,578.29,6102
3526209,Juquitiba,SP,517.77,524
3526704,Leme,SP,557.46,1009
3526803,Lençóis Paulista,SP,558.18,921
3526902,Limeira,SP,563.52,3452
3527108,Lins,SP,542.31,1056
3527207,Lorena,SP,554.54,1122
3527306,Louveira,SP,552.08,429
3528403,Mairinque,SP,535.76,738
3528502,Mairiporã,SP,537.87,928
3529203,Martinópolis,SP,537.1,332
3529005,Marília,SP,566.85,3935
3529302,Matão,SP,550.23,840
3529401,Mauá,SP,538.93,4331
3529906,Miracatu,SP,497.54,356
3530102,Mirandópolis,SP,553.3,389
3530201,Mirante do Paranapanema,SP,516.4,233
3530300,Mirassol,SP,546.84,882
3530508,Mococa,SP,553.64,945
3530706,Mogi Guaçu,SP,564.42,1460
3530805,Mogi Mirim,SP,567.63,940
3530607,Mogi das Cruzes,SP,553.12,6520
3531100,Mongaguá,SP,518.98,758
3531308,Monte Alto,SP,555.82,593
3531407,Monte Aprazível,SP,542.35,610
3531803,Monte Mor,SP,524.54,655
3533403,Nova Odessa,SP,560.41,614
3533502,Novo Horizonte,SP,554.3,559
3533908,Olímpia,SP,550.39,872
3534302,Orlândia,SP,544.29,1091
3534401,Osasco,SP,550.95,10433
3534609,Osvaldo Cruz,SP,556.1,457
3534708,Ourinhos,SP,542.89,1593
3535507,Paraguaçu Paulista,SP,535.19,604
3536505,Paulínia,SP,567.65,1773
3536703,Pederneiras,SP,551.06,444
3537107,Pedreira,SP,546.11,367
3537305,Penápolis,SP,558.4,971
3537404,Pereira Barreto,SP,530.34,389
3537602,Peruíbe,SP,529.1,1153
3537800,Piedade,SP,544.06,628
3537909,Pilar do Sul,SP,546.99,312
3538006,Pindamonhangaba,SP,560.34,1785
3538709,Piracicaba,SP,568.4,6026
3538808,Piraju,SP,536.76,826
3538907,Pirajuí,SP,531.59,417
3539301,Pirassununga,SP,563.19,1429
3539509,Pitangueiras,SP,526.25,322
3540200,Pontal,SP,529.71,459
3540606,Porto Feliz,SP,546.86,461
3540705,Porto Ferreira,SP,571.3,1077
3539806,Poá,SP,534.49,1697
3541000,Praia Grande,SP,529.3,4186
3541307,Presidente Epitácio,SP,530.72,621
3541406,Presidente Prudente,SP,550.42,5311
3541505,Presidente Venceslau,SP,542.84,673
3541604,Promissão,SP,537.72,356
3542206,Rancharia,SP,527.75,494
3542602,Registro,SP,535.24,1328
3543303,Ribeirão Pires,SP,546.79,1493
3543402,Ribeirão Preto,SP,572.67,11695
3543907,Rio Claro,SP,564.35,2611
3544103,Rio Grande da Serra,SP,515.87,381
3544251,Rosana,SP,516.21,279
3545209,Salto,SP,558.85,1337
3545308,Salto de Pirapora,SP,528.07,449
3545803,Santa Bárbara d'Oeste,SP,557.65,1516
3546405,Santa Cruz do Rio Pardo,SP,553.79,685
3546603,Santa Fé do Sul,SP,547.24,422
3546801,Santa Isabel,SP,538.98,645
3547601,Santa Rosa de Viterbo,SP,536.64,463
3547304,Santana de Parnaíba,SP,555.14,2668
3547809,Santo André,SP,561.75,11054
3548500,Santos,SP,567.98,5944
3551504,Serrana,SP,532.35,602
3551702,Sertãozinho,SP,554.46,1953
3552106,Socorro,SP,551.89,487
3552205,Sorocaba,SP,558.46,9467
3552403,Sumaré,SP,541.4,2593
3552502,Suzano,SP,540.0,3949
3548708,São Bernardo do Campo,SP,560.76,11227
3548807,São Caetano do Sul,SP,578.4,4431
3548906,São Carlos,SP,577.16,5159
3549409,São Joaquim da Barra,SP,547.71,841
3549706,São José do Rio Pardo,SP,565.35,812
3549805,São José do Rio Preto,SP,569.66,8347
3549904,São José dos Campos,SP,582.85,11310
3549102,São João da Boa Vista,SP,577.23,1295
3550100,São Manuel,SP,546.17,542
3550209,São Miguel Arcanjo,SP,530.47,363
3550308,São Paulo,SP,556.45,147164
3550605,São Roque,SP,550.17,1231
3550704,São Sebastião,SP,518.14,1063
3551009,São Vicente,SP,521.76,2704
3552809,Taboão da Serra,SP,539.72,5255
3553609,Tapiratiba,SP,523.59,249
3553708,Taquaritinga,SP,553.37,488
3554003,Tatuí,SP,540.77,1408
3554102,Taubaté,SP,565.87,4015
3554300,Teodoro Sampaio,SP,522.9,348
3554508,Tietê,SP,555.57,616
3555000,Tupã,SP,554.86,1111
3555406,Ubatuba,SP,532.01,1017
3556206,Valinhos,SP,590.63,1817
3556453,Vargem Grande Paulista,SP,554.62,852
3556404,Vargem Grande do Sul,SP,569.28,359
3556701,Vinhedo,SP,583.95,1123
3557006,Votorantim,SP,545.73,1111
3557105,Votuporanga,SP,548.11,1807
3556503,Várzea Paulista,SP,530.51,771
1701002,Ananás,TO,477.8,249
1702158,Araguanã,TO,449.85,72
1702208,Araguatins,TO,480.2,954
1702109,Araguaína,TO,517.26,4355
1702307,Arapoema,TO,462.82,110
1702406,Arraias,TO,466.69,406
1702554,Augustinópolis,TO,491.43,830
1703701,Brejinho de Nazaré,TO,469.0,74
1705508,Colinas do Tocantins,TO,500.22,899
1706100,Cristalândia,TO,476.01,264
1707009,Dianópolis,TO,462.91,589
1707405,Esperantina,TO,485.86,140
1708205,Formoso do Araguaia,TO,474.56,290
1709302,Guaraí,TO,483.35,983
1709500,Gurupi,TO,525.13,1553
1710508,Itacajá,TO,454.54,200
1713205,Miracema do Tocantins,TO,477.92,709
1714203,Natividade,TO,468.77,176
1715101,Novo Acordo,TO,441.38,393
1721000,Palmas,TO,531.0,7755
1715754,Palmeirópolis,TO,478.28,411
1716109,Paraíso do Tocantins,TO,507.67,1082
1716505,Pedro Afonso,TO,475.03,396
1716604,Peixe,TO,468.45,137
1718204,Porto Nacional,TO,491.46,1441
1718865,Santa Fé do Araguaia,TO,461.5,277
1720804,Sítio Novo do Tocantins,TO,477.9,454
1720903,Taguatinga,TO,465.32,361
1721208,Tocantinópolis,TO,479.06,837
1722081,Wanderlândia,TO,459.25,202
1722107,Xambioá,TO,488.6,168
